fecha,y,tiendas,m2
2021-07-16,9273978.17,2198,960919.77
2021-07-17,10512737.15,2256,989079.44
2021-07-18,2042994.83,692,278917.88
2021-07-19,9643854.49,2233,975874.42
2021-07-20,8777947.18,2242,978607.42
2021-07-21,8527039.51,2242,980965.37
2021-07-22,8594783.46,2227,974061.1
2021-07-23,9856458.66,2252,987027.18
2021-07-24,10589743.58,2255,989139.53
2021-07-25,2037234.13,697,282828.83
2021-07-26,9444724.94,2209,965198.5
2021-07-27,8766516.0,2252,984879.62
2021-07-28,8539700.79,2228,977515.83
2021-07-29,8773732.94,2249,985515.99
2021-07-30,9969439.1,2251,985815.49
2021-07-31,10485448.64,2193,964100.84
2021-08-01,2088515.23,724,296824.19
2021-08-02,9816788.59,2232,975040.12
2021-08-03,8795347.28,2232,971500.42
2021-08-04,9022281.41,2240,981291.91
2021-08-05,8871645.98,2224,973741.79
2021-08-06,9809108.75,2241,983294.25
2021-08-07,10360257.34,2254,988221.65
2021-08-08,1997157.35,693,281118.0
2021-08-09,9868022.94,2236,974352.91
2021-08-10,9142920.44,2231,973848.36
2021-08-11,8873503.69,2239,981393.8
2021-08-12,9006069.68,2235,979882.09
2021-08-13,9914159.19,2245,983352.59
2021-08-14,10824531.5,2253,987329.71
2021-08-15,2064539.54,674,274981.27
2021-08-16,7843345.89,1902,831869.16
2021-08-17,9899211.47,2223,972012.46
2021-08-18,8774766.82,2232,976685.91
2021-08-19,8496635.74,2208,965475.36
2021-08-20,9380298.0,2240,980719.27
2021-08-21,9955645.5,2250,987629.45
2021-08-22,1963297.84,686,278222.11
2021-08-23,9566609.16,2225,973375.86
2021-08-24,8720306.13,2215,971272.58
2021-08-25,8654532.88,2236,980070.93
2021-08-26,8460959.94,2241,983096.77
2021-08-27,9389306.16,2243,982653.3
2021-08-28,9725299.32,2220,971433.05
2021-08-29,1993865.68,693,279383.25
2021-08-30,9169742.25,2217,967502.66
2021-08-31,8756897.12,2231,973185.54
2021-09-01,8390051.79,2235,976238.66
2021-09-02,8223386.0,2214,968895.75
2021-09-03,9156460.12,2244,984501.5
2021-09-04,9875572.7,2249,986915.42
2021-09-05,1983317.86,733,299633.59
2021-09-06,9111216.07,2205,962865.11
2021-09-07,8923683.48,2236,976762.03
2021-09-08,6834109.09,1847,794790.17
2021-09-09,8480003.09,2210,967047.75
2021-09-10,9377712.74,2237,979877.75
2021-09-11,9465960.72,2137,938063.69
2021-09-12,1959353.8,673,269302.68
2021-09-13,9342033.25,2207,965097.9
2021-09-14,7892056.49,2173,949857.13
2021-09-15,7915926.94,2183,959365.55
2021-09-16,7848803.98,2221,974607.46
2021-09-17,8736362.91,2231,976027.98
2021-09-18,9508550.18,2249,986520.82
2021-09-19,1782177.07,645,252994.35
2021-09-20,8656794.52,2209,963953.62
2021-09-21,7875062.83,2207,962795.94
2021-09-22,7775226.76,2233,978604.3
2021-09-23,7799081.05,2221,973867.98
2021-09-24,8965701.61,2183,956059.86
2021-09-25,9872619.66,2245,985691.65
2021-09-26,1771280.54,643,251466.67
2021-09-27,8877800.01,2207,967538.22
2021-09-28,8203784.42,2224,974435.12
2021-09-29,8008587.85,2196,963295.18
2021-09-30,8336937.57,2228,977795.97
2021-10-01,9221162.43,2234,980318.33
2021-10-02,9882451.77,2245,985995.58
2021-10-03,1797816.23,637,248439.92
2021-10-04,8946268.96,2223,970831.41
2021-10-05,8274724.13,2218,967891.59
2021-10-06,8017982.08,2232,978984.41
2021-10-07,7827917.99,2189,960338.71
2021-10-08,9232146.04,2244,986060.56
2021-10-09,9435249.2,2146,940638.71
2021-10-10,1840293.72,676,267362.62
2021-10-11,10111511.96,2229,975617.6
2021-10-12,1674326.93,745,297259.2
2021-10-13,9542504.03,2237,980764.35
2021-10-14,8380649.27,2228,978040.58
2021-10-15,9076665.13,2237,981561.96
2021-10-16,9581154.34,2244,985791.91
2021-10-17,1744542.27,633,247793.1
2021-10-18,8588144.79,2209,965602.34
2021-10-19,7924859.45,2224,970005.17
2021-10-20,7704584.38,2228,977430.84
2021-10-21,7759784.71,2232,978931.13
2021-10-22,8890193.52,2245,985151.97
2021-10-23,9462374.0,2246,987385.77
2021-10-24,1844747.45,633,248290.28
2021-10-25,8935648.69,2203,966168.73
2021-10-26,8148132.79,2227,977867.75
2021-10-27,8169729.12,2226,978373.81
2021-10-28,8448876.15,2227,978434.5
2021-10-29,9997102.58,2240,982831.25
2021-10-30,11099877.18,2246,986089.49
2021-10-31,2051454.11,664,259813.79
2021-11-01,3584021.05,1411,634630.64
2021-11-02,9986295.1,2235,977744.14
2021-11-03,8713826.91,2241,979770.58
2021-11-04,8377329.1,2228,978205.08
2021-11-05,9375347.48,2250,986748.75
2021-11-06,9936398.12,2247,986569.83
2021-11-07,1754698.06,642,249795.41
2021-11-08,8791434.89,2232,976533.29
2021-11-09,7778273.16,2226,976529.24
2021-11-10,7904359.64,2236,980349.47
2021-11-11,7861552.06,2221,975039.24
2021-11-12,9005591.69,2251,986578.3
2021-11-13,9529689.26,2245,986189.71
2021-11-14,1766819.43,639,248433.13
2021-11-15,8617877.29,2239,979272.04
2021-11-16,7879059.91,2242,979900.57
2021-11-17,7994416.94,2238,981184.17
2021-11-18,7957458.13,2237,982049.46
2021-11-19,9211628.18,2253,988101.97
2021-11-20,9755065.48,2253,989228.69
2021-11-21,1811265.51,642,250542.52
2021-11-22,8649668.15,2241,981990.94
2021-11-23,7936478.52,2240,981592.66
2021-11-24,7933855.34,2243,983756.41
2021-11-25,8187190.63,2241,985398.62
2021-11-26,9153903.41,2256,990395.85
2021-11-27,9655458.19,2251,989237.27
2021-11-28,1976997.29,838,356960.42
2021-11-29,8700851.26,2246,983146.41
2021-11-30,8430715.3,2245,981404.59
2021-12-01,8148068.1,2252,987055.68
2021-12-02,8387897.01,2252,989274.12
2021-12-03,9414739.56,2241,984636.9
2021-12-04,10642240.76,2260,992081.79
2021-12-05,2867888.23,1412,637515.13
2021-12-06,2800875.81,1183,490489.47
2021-12-07,10984442.96,2258,989460.93
2021-12-08,2936687.62,1396,616537.15
2021-12-09,9668520.19,2266,993705.53
2021-12-10,9402011.71,2260,990346.72
2021-12-11,9649954.84,2265,994787.31
2021-12-12,2025217.91,972,416879.2
2021-12-13,8753259.49,2273,993882.57
2021-12-14,8091108.6,2270,992799.43
2021-12-15,4788415.57,2263,992661.6
2021-12-16,9056060.9,2267,994621.16
2021-12-17,9234352.47,2262,993371.54
2021-12-18,9663914.6,2267,995640.37
2021-12-19,2231820.81,1131,498107.42
2021-12-20,8894800.17,2273,992964.09
2021-12-21,8787502.05,2281,996639.56
2021-12-22,8679445.71,2277,996924.77
2021-12-23,10395222.18,2274,997519.88
2021-12-24,9422832.16,2273,997032.09
2021-12-25,21941.63,17,5391.51
2021-12-26,2165661.49,885,378440.75
2021-12-27,8949313.22,2264,993350.34
2021-12-28,8104209.65,2268,995315.98
2021-12-29,8601821.34,2266,994432.16
2021-12-30,10204000.04,2270,996613.89
2021-12-31,9302232.46,2267,995166.54
2022-01-01,55896.82,27,9227.68
2022-01-02,2171814.75,943,402479.42
2022-01-03,8921187.97,2268,995124.75
2022-01-04,8413824.43,2281,995879.89
2022-01-05,9373314.38,2281,996195.08
2022-01-06,472131.42,255,89781.34
2022-01-07,9595686.1,2268,994327.3
2022-01-08,9163710.72,2265,993668.77
2022-01-09,1770732.37,760,316338.86
2022-01-10,9162815.73,2245,984156.67
2022-01-11,8025981.76,2248,985597.94
2022-01-12,7803917.82,2263,987938.38
2022-01-13,7603745.06,2259,986591.38
2022-01-14,8645257.36,2268,992635.96
2022-01-15,9419740.84,2266,994532.82
2022-01-16,1698250.79,655,254491.68
2022-01-17,8446893.83,2229,976650.33
2022-01-18,7745171.39,2248,983829.7
2022-01-19,7598364.43,2257,985527.04
2022-01-20,7635948.36,2223,971746.62
2022-01-21,8809139.29,2267,992897.83
2022-01-22,9335124.69,2251,988143.46
2022-01-23,1667893.85,643,250659.27
2022-01-24,8471020.23,2228,975558.14
2022-01-25,8018500.66,2244,983171.94
2022-01-26,7767062.55,2251,987859.27
2022-01-27,7747678.01,2252,987296.84
2022-01-28,8915755.87,2261,991319.64
2022-01-29,9512949.26,2263,992500.39
2022-01-30,1714866.0,654,253928.13
2022-01-31,8582198.69,2207,964249.6
2022-02-01,8246856.85,2248,984124.65
2022-02-02,7865381.12,2249,980536.33
2022-02-03,7894633.36,2234,975814.51
2022-02-04,8993191.28,2269,994516.78
2022-02-05,9475481.49,2263,992822.13
2022-02-06,1747377.77,654,254376.5
2022-02-07,8577181.04,2247,984666.14
2022-02-08,7858086.49,2254,986464.0
2022-02-09,7707392.7,2257,984877.75
2022-02-10,7765457.17,2261,985254.52
2022-02-11,8874607.77,2273,993745.25
2022-02-12,9352225.04,2265,992677.17
2022-02-13,1759155.77,656,254798.39
2022-02-14,8407248.23,2246,983670.76
2022-02-15,7909889.06,2253,986929.85
2022-02-16,7761688.07,2265,989267.76
2022-02-17,7744270.47,2262,987948.04
2022-02-18,8907896.41,2274,996219.05
2022-02-19,9544407.95,2273,997532.0
2022-02-20,1748285.02,664,257438.92
2022-02-21,8638528.73,2270,994265.87
2022-02-22,8009818.25,2271,995536.96
2022-02-23,7849829.79,2273,996858.59
2022-02-24,8295596.57,2270,995526.24
2022-02-25,9813277.43,2269,994403.61
2022-02-26,10059727.78,2269,995208.01
2022-02-27,2053914.47,822,341922.84
2022-02-28,6776064.04,1806,759564.42
2022-03-01,8616928.18,2160,944461.25
2022-03-02,8590437.01,2247,980249.99
2022-03-03,8363013.2,2255,983876.4
2022-03-04,9657145.46,2270,994824.31
2022-03-05,10027697.72,2271,996299.77
2022-03-06,1877359.64,656,255486.3
2022-03-07,9200569.71,2205,964250.64
2022-03-08,8747874.29,2252,986239.27
2022-03-09,8745061.82,2267,989066.43
2022-03-10,9207318.16,2262,986729.0
2022-03-11,11028594.94,2276,996171.12
2022-03-12,11112536.41,2274,997152.93
2022-03-13,1903763.49,664,258749.5
2022-03-14,9060598.76,2250,984958.43
2022-03-15,8131346.61,2255,987402.95
2022-03-16,7632004.57,2266,989158.88
2022-03-17,9517527.91,2262,985942.31
2022-03-18,10018688.66,2277,995909.12
2022-03-19,8221968.12,2226,977608.58
2022-03-20,1699407.45,649,254440.45
2022-03-21,8220015.11,2248,984479.88
2022-03-22,7962751.46,2258,988542.6
2022-03-23,7929390.18,2264,990222.74
2022-03-24,7530370.17,2256,988217.83
2022-03-25,8260283.64,2262,990825.2
2022-03-26,8242692.26,2274,996938.25
2022-03-27,1440985.43,655,254247.75
2022-03-28,7607929.36,2254,987501.72
2022-03-29,7282478.73,2268,992548.81
2022-03-30,7267899.31,2274,993316.44
2022-03-31,7790318.64,2278,993897.41
2022-04-01,8771753.71,2279,997195.02
2022-04-02,8919421.8,2273,996810.15
2022-04-03,1684872.53,667,258576.21
2022-04-04,8278782.24,2247,983409.45
2022-04-05,7642185.95,2256,984778.71
2022-04-06,7853858.32,2265,987632.25
2022-04-07,7727786.979999999,2265,987386.4
2022-04-08,8666704.24,2270,992204.27
2022-04-09,9328286.65,2277,998479.93
2022-04-10,1640987.06,713,285382.39
2022-04-11,8946971.83,2277,997408.26
2022-04-12,8694740.53,2279,998731.82
2022-04-13,10018788.87,2278,997952.64
2022-04-14,5950262.04,2056,906263.51
2022-04-15,1777227.56,743,303581.5
2022-04-16,9541607.45,2275,997307.97
2022-04-17,1628859.04,775,314158.47
2022-04-18,7670356.26,1865,815715.25
2022-04-19,8678019.77,2241,975709.89
2022-04-20,7918450.19,2269,988270.51
2022-04-21,7816761.19,2264,985813.95
2022-04-22,8822543.08,2274,996611.47
2022-04-23,8448024.17,2079,911073.68
2022-04-24,1784015.53,672,261541.91
2022-04-25,8606330.37,2158,943528.73
2022-04-26,8102508.7,2252,984030.99
2022-04-27,8067740.88,2256,986048.26
2022-04-28,8121150.02,2241,979208.13
2022-04-29,9374223.65,2266,992613.61
2022-04-30,10031275.19,2274,996646.53
2022-05-01,1455291.25,516,198169.73
2022-05-02,5673122.75,1843,803672.31
2022-05-03,9563689.12,2227,967977.9
2022-05-04,8464195.66,2218,963575.81
2022-05-05,8308491.69,2264,983869.79
2022-05-06,9181183.93,2267,990551.0
2022-05-07,9485222.12,2269,995741.29
2022-05-08,1860554.77,664,257043.23
2022-05-09,9024030.24,2220,969020.73
2022-05-10,8395146.49,2259,983782.59
2022-05-11,8120716.83,2262,984469.78
2022-05-12,8213146.5,2267,985128.91
2022-05-13,9029620.1,2242,979310.69
2022-05-14,9626075.78,2270,995679.03
2022-05-15,1785522.79,661,256826.69
2022-05-16,8532642.49,2199,959319.32
2022-05-17,8229537.08,2160,943354.13
2022-05-18,8345102.44,2267,986412.59
2022-05-19,8354422.77,2263,982842.83
2022-05-20,9387801.32,2268,991483.32
2022-05-21,9864177.38,2272,995255.97
2022-05-22,1994840.72,668,259275.79
2022-05-23,9186353.73,2255,983362.2
2022-05-24,8599212.89,2261,985601.16
2022-05-25,8453156.7,2262,986923.98
2022-05-26,8267376.07,2248,978573.85
2022-05-27,9400045.81,2268,991149.2
2022-05-28,10396872.34,2276,996344.92
2022-05-29,1936862.52,669,258785.67
2022-05-30,9465225.54,2244,979112.33
2022-05-31,8458989.26,2156,936741.49
2022-06-01,8967365.39,2271,986705.5
2022-06-02,8818803.14,2278,989389.14
2022-06-03,9664661.59,2282,996740.16
2022-06-04,10188222.16,2285,1000870.75
2022-06-05,2076329.05,705,276914.87
2022-06-06,8960932.53,2133,933976.67
2022-06-07,9002020.16,2272,989245.57
2022-06-08,8590899.69,2285,993904.65
2022-06-09,8400195.34,2271,987754.75
2022-06-10,9695278.16,2282,994988.99
2022-06-11,10225878.06,2267,991163.57
2022-06-12,2147917.29,707,279507.08
2022-06-13,9655099.15,2244,980742.03
2022-06-14,9135686.52,2291,999073.58
2022-06-15,9227505.7,2297,1000035.66
2022-06-16,8349004.4,2117,918840.93
2022-06-17,10020231.49,2274,994079.24
2022-06-18,10607926.49,2285,1000276.0
2022-06-19,2218571.91,746,297824.81
2022-06-20,9402969.96,2270,991104.38
2022-06-21,8567622.77,2277,994722.72
2022-06-22,8545281.48,2287,995575.01
2022-06-23,9166455.93,2288,996303.97
2022-06-24,8343808.78,1888,822235.55
2022-06-25,10843995.93,2289,1000614.99
2022-06-26,2239355.62,819,336024.76
2022-06-27,9593235.25,2270,990365.17
2022-06-28,8803630.4,2286,993535.34
2022-06-29,8437373.69,2227,968092.76
2022-06-30,8907250.94,2280,991321.38
2022-07-01,9733598.21,2291,1001159.69
2022-07-02,10381184.05,2289,1001458.38
2022-07-03,2389438.45,815,337238.36
2022-07-04,9540757.77,2222,973509.74
2022-07-05,8914102.06,2277,994231.62
2022-07-06,8793449.09,2289,997508.66
2022-07-07,8727663.5,2264,984713.86
2022-07-08,9799356.35,2285,998666.23
2022-07-09,10606354.9,2286,1000583.2
2022-07-10,2384304.86,766,308501.63
2022-07-11,10066202.42,2260,988522.79
2022-07-12,9292704.34,2283,996717.03
2022-07-13,8989966.03,2286,995398.48
2022-07-14,9140291.11,2289,995902.43
2022-07-15,10176532.27,2283,998229.62
2022-07-16,10596786.18,2254,984718.12
2022-07-17,2462139.9,769,309088.06
2022-07-18,10265708.15,2261,987570.43
2022-07-19,9200488.94,2282,996373.24
2022-07-20,8898126.44,2287,994245.22
2022-07-21,9098969.8,2290,997283.42
2022-07-22,10023871.04,2277,993842.65
2022-07-23,10835447.75,2290,1001264.57
2022-07-24,2445948.63,774,311372.1
2022-07-25,8954294.87,2017,889673.43
2022-07-26,9753640.54,2244,979901.24
2022-07-27,9466821.87,2277,994285.19
2022-07-28,9341467.55,2250,984482.73
2022-07-29,10447856.2,2279,996115.23
2022-07-30,11156125.57,2287,999786.53
2022-07-31,2523905.04,809,330717.74
2022-08-01,11064054.45,2267,991967.27
2022-08-02,10075093.25,2283,996828.32
2022-08-03,9371129.16,2276,988601.32
2022-08-04,9413331.02,2293,996870.57
2022-08-05,9921398.58,2264,990711.28
2022-08-06,10404008.62,2285,999692.23
2022-08-07,2305945.93,770,309978.95
2022-08-08,10428872.44,2263,989565.99
2022-08-09,9300662.81,2273,993596.05
2022-08-10,9198424.44,2275,993108.39
2022-08-11,9254114.19,2285,996412.92
2022-08-12,10153129.02,2282,997137.63
2022-08-13,11061304.39,2291,1003161.92
2022-08-14,2390023.83,790,318072.83
2022-08-15,4301498.26,1372,612356.86
2022-08-16,10949386.31,2219,970988.61
2022-08-17,9164066.45,2285,996811.61
2022-08-18,8793848.18,2296,1001616.1
2022-08-19,9118806.43,2253,982908.26
2022-08-20,9722698.0,2290,1002491.12
2022-08-21,2201191.4,771,310581.51
2022-08-22,9854824.02,2264,989132.08
2022-08-23,8777790.9,2280,996076.52
2022-08-24,8830381.92,2263,988782.6
2022-08-25,9056873.85,2274,993245.35
2022-08-26,9465309.23,2278,996601.09
2022-08-27,9607178.68,2274,992648.6
2022-08-28,2284677.96,800,327863.02
2022-08-29,9564425.32,2264,988035.44
2022-08-30,8908550.23,2268,990291.53
2022-08-31,8773756.37,2278,991966.6
2022-09-01,8682944.76,2278,991162.44
2022-09-02,9077304.72,2278,994332.59
2022-09-03,9566087.04,2288,999804.92
2022-09-04,2206878.67,771,310921.16
2022-09-05,9232258.26,2247,979856.77
2022-09-06,8327991.18,2213,965046.53
2022-09-07,8732287.68,2291,997023.68
2022-09-08,6941837.15,1907,814001.66
2022-09-09,9277130.29,2236,976909.43
2022-09-10,9835052.79,2286,999518.67
2022-09-11,2191353.53,750,299440.84
2022-09-12,9901604.07,2260,988985.05
2022-09-13,8725852.6,2261,987658.95
2022-09-14,8334716.18,2247,982152.43
2022-09-15,7848224.01,2244,979602.92
2022-09-16,8706946.69,2266,988213.82
2022-09-17,9372819.52,2288,1001549.96
2022-09-18,2084763.93,728,288453.09
2022-09-19,9059251.25,2254,984968.41
2022-09-20,8252269.12,2278,995293.69
2022-09-21,7957820.11,2268,987765.78
2022-09-22,7968503.3,2287,996296.18
2022-09-23,8956217.74,2275,994009.48
2022-09-24,9729413.3,2254,986823.7
2022-09-25,2131048.62,719,284521.43
2022-09-26,9286109.7,2258,989525.53
2022-09-27,8314130.28,2265,991764.38
2022-09-28,8037209.96,2280,997425.66
2022-09-29,7919789.57,2247,982207.44
2022-09-30,9092493.7,2281,996593.18
2022-10-01,9384318.37,2288,1001196.42
2022-10-02,2002153.75,696,269846.41
2022-10-03,9076497.46,2261,989801.52
2022-10-04,8308786.84,2274,992749.14
2022-10-05,8058471.72,2275,991212.83
2022-10-06,8100501.13,2293,997892.65
2022-10-07,8619736.28,2251,983409.1
2022-10-08,9542894.2,2289,1003000.24
2022-10-09,1940395.55,690,268271.15
2022-10-10,9333154.79,2286,999752.09
2022-10-11,10024907.75,2297,1001298.58
2022-10-12,2166496.46,851,341639.09
2022-10-13,9570218.18,2296,1001207.17
2022-10-14,9316229.52,2286,1000333.38
2022-10-15,9429809.41,2273,995207.87
2022-10-16,1975956.39,689,266619.6
2022-10-17,8999046.06,2268,991511.72
2022-10-18,8040962.28,2257,985434.12
2022-10-19,7814944.75,2270,989937.67
2022-10-20,7816442.08,2283,996221.76
2022-10-21,8754216.77,2284,998017.0
2022-10-22,9197337.24,2281,997934.97
2022-10-23,1975941.27,692,268184.38
2022-10-24,8779701.43,2251,981518.56
2022-10-25,8298955.64,2261,987401.22
2022-10-26,7933110.92,2275,992934.68
2022-10-27,8065660.13,2274,992273.92
2022-10-28,9152333.01,2285,1000102.92
2022-10-29,9827179.07,2277,995810.69
2022-10-30,2074800.86,694,268321.05
2022-10-31,10373792.1,2268,989550.68
2022-11-01,2830328.87,1183,521929.81
2022-11-02,9513274.72,2277,992345.94
2022-11-03,8393277.42,2276,990559.08
2022-11-04,9060330.87,2290,1001354.79
2022-11-05,9461484.03,2288,1001114.18
2022-11-06,1954156.77,691,267499.47
2022-11-07,8862302.69,2268,991820.47
2022-11-08,8474277.04,2270,992960.58
2022-11-09,7864996.32,2271,992602.15
2022-11-10,8054570.82,2274,992686.3
2022-11-11,9087473.15,2278,996473.76
2022-11-12,9437558.12,2285,999849.79
2022-11-13,1942265.45,687,265915.12
2022-11-14,9005800.13,2263,989979.35
2022-11-15,7953684.9,2266,991233.9
2022-11-16,7754706.22,2277,992717.74
2022-11-17,7432254.66,2269,989224.74
2022-11-18,8422380.11,2285,998119.52
2022-11-19,8936922.51,2280,997226.76
2022-11-20,1915943.86,688,264977.96
2022-11-21,8216508.67,2263,988066.8
2022-11-22,7703632.9,2264,987995.59
2022-11-23,7463254.64,2266,990177.58
2022-11-24,7709966.11,2269,990777.63
2022-11-25,9000493.45,2284,998896.89
2022-11-26,9364753.06,2282,1000136.85
2022-11-27,2129264.26,824,339363.27
2022-11-28,8816591.9,2279,997460.02
2022-11-29,8270917.32,2281,996253.9
2022-11-30,8182294.86,2283,995067.27
2022-12-01,8216834.02,2295,999197.22
2022-12-02,8842644.96,2296,1004499.62
2022-12-03,9350264.03,2273,996726.27
2022-12-04,2399977.75,1248,555885.27
2022-12-05,10124456.82,2291,1001829.5
2022-12-06,2587176.59,1111,458165.77
2022-12-07,10803551.23,2293,1002122.17
2022-12-08,3429595.83,1600,715642.34
2022-12-09,9670961.6,2294,1002836.91
2022-12-10,8930041.24,2285,999257.87
2022-12-11,2181575.35,1051,453107.14
2022-12-12,8716628.06,2291,1002079.62
2022-12-13,7711937.33,2295,1003264.42
2022-12-14,7732576.73,2296,1002670.9
2022-12-15,7772232.65,2302,1003849.28
2022-12-16,8121349.29,2296,1004878.06
2022-12-17,8685225.4,2297,1005823.22
2022-12-18,2328462.68,1179,516634.42
2022-12-19,8629258.57,2294,1003484.38
2022-12-20,7844567.0,2297,1004678.38
2022-12-21,8244830.41,2301,1005796.54
2022-12-22,8254644.35,2304,1005912.19
2022-12-23,9957961.19,2302,1006477.32
2022-12-24,8564224.99,2298,1006277.32
2022-12-25,30449.56,24,8008.49
2022-12-26,3922565.95,1594,702164.86
2022-12-27,8538111.02,2299,1005955.82
2022-12-28,7786751.47,2298,1005145.54
2022-12-29,8252210.52,2297,1003958.39
2022-12-30,9756332.55,2299,1005944.26
2022-12-31,8187100.96,2294,1004596.91
2023-01-01,58519.51,28,9581.28
2023-01-02,5813888.82,1960,850222.1
2023-01-03,7877019.71,2305,1006277.32
2023-01-04,7852148.22,2305,1005641.31
2023-01-05,8809330.9,2303,1006277.32
2023-01-06,599155.23,293,101551.22
2023-01-07,9741881.13,2296,1004561.84
2023-01-08,1969172.35,837,346543.31
2023-01-09,9513050.29,2289,1000444.36
2023-01-10,8056541.39,2292,1002178.81
2023-01-11,7616080.22,2298,1001941.6
2023-01-12,7406392.39,2302,1002549.89
2023-01-13,8172377.22,2298,1004566.27
2023-01-14,8870059.17,2294,1003643.01
2023-01-15,1909849.09,726,283911.57
2023-01-16,8384920.01,2282,997624.0
2023-01-17,7558868.32,2278,995975.08
2023-01-18,7526161.45,2297,1001888.78
2023-01-19,7407317.01,2297,1000959.23
2023-01-20,8233762.58,2267,992013.88
2023-01-21,8836449.42,2295,1004752.7
2023-01-22,1848931.61,694,267848.76
2023-01-23,8307798.28,2265,989552.94
2023-01-24,7815083.36,2276,995326.06
2023-01-25,7914735.41,2285,999507.6
2023-01-26,7677346.24,2289,1000160.0
2023-01-27,8574598.41,2296,1004718.06
2023-01-28,9054548.37,2291,1002183.4
2023-01-29,1890734.57,695,267998.3
2023-01-30,8495509.41,2242,977807.28
2023-01-31,8196768.63,2289,998861.64
2023-02-01,7889220.18,2298,1000633.37
2023-02-02,7730825.19,2280,992572.53
2023-02-03,8507712.77,2277,994200.0
2023-02-04,9072774.34,2296,1004769.46
2023-02-05,1902617.76,696,268405.78
2023-02-06,8707306.26,2279,996672.79
2023-02-07,7718490.42,2286,998115.41
2023-02-08,7737335.26,2294,999952.83
2023-02-09,7729476.37,2289,997147.7
2023-02-10,8773161.6,2294,1003236.13
2023-02-11,9087336.06,2289,1001783.82
2023-02-12,1882900.81,691,266730.13
2023-02-13,8606050.17,2276,994729.52
2023-02-14,7672438.59,2282,995994.55
2023-02-15,7662123.1,2293,998056.05
2023-02-16,7662681.54,2287,995696.98
2023-02-17,8627587.09,2293,1001722.03
2023-02-18,8991632.53,2293,1002554.56
2023-02-19,1875469.82,694,267500.81
2023-02-20,8708485.32,2264,989876.85
2023-02-21,7217668.76,2105,916064.84
2023-02-22,7976190.75,2273,992803.95
2023-02-23,7942840.15,2285,998794.74
2023-02-24,9229839.38,2293,1000953.37
2023-02-25,9710594.83,2293,1002796.33
2023-02-26,1981988.22,691,267400.68
2023-02-27,9348584.28,2277,992370.86
2023-02-28,6630476.09,1839,772800.43
2023-03-01,8714785.82,2285,994612.61
2023-03-02,8393899.7,2291,996216.52
2023-03-03,8930119.19,2293,1001544.06
2023-03-04,9399403.91,2296,1004510.26
2023-03-05,1991008.7,697,268952.5
2023-03-06,8711048.67,2239,977154.56
2023-03-07,8112631.19,2281,996485.6
2023-03-08,7757010.84,2291,998767.11
2023-03-09,7843811.43,2289,997422.65
2023-03-10,8921200.69,2300,1004316.52
2023-03-11,9206164.28,2296,1004036.7
2023-03-12,1955364.56,704,273089.06
2023-03-13,8862918.83,2276,993924.17
2023-03-14,8007219.51,2284,996848.37
2023-03-15,7881978.71,2291,997837.45
2023-03-16,7876426.6,2290,997279.58
2023-03-17,8936109.63,2296,1003511.06
2023-03-18,9268565.88,2297,1004967.97
2023-03-19,1853301.19,701,270935.29
2023-03-20,8003682.75,2257,988182.01
2023-03-21,8263613.52,2287,998091.67
2023-03-22,8204173.04,2297,1000393.19
2023-03-23,8027144.84,2300,999895.83
2023-03-24,9392306.99,2300,1005166.62
2023-03-25,9666825.58,2297,1004757.27
2023-03-26,1916061.39,704,271646.8
2023-03-27,9142455.3,2282,999050.77
2023-03-28,8225715.98,2279,996394.93
2023-03-29,8149749.27,2296,1002346.44
2023-03-30,8370638.64,2297,1002231.36
2023-03-31,9412740.41,2289,999938.76
2023-04-01,10086040.11,2302,1006585.32
2023-04-02,2004539.59,776,308736.77
2023-04-03,9627671.89,2298,1004133.09
2023-04-04,9186889.71,2305,1006651.5
2023-04-05,11091325.41,2308,1007315.47
2023-04-06,6940339.7,2100,921867.55
2023-04-07,2300005.16,858,353355.03
2023-04-08,10361949.48,2301,1006640.87
2023-04-09,1964731.34,823,331608.67
2023-04-10,8584162.15,1902,831565.09
2023-04-11,9495900.8,2264,987151.16
2023-04-12,8710653.84,2288,998076.24
2023-04-13,8369566.21,2293,997521.48
2023-04-14,9140025.74,2302,1004425.71
2023-04-15,9721220.57,2299,1004737.03
2023-04-16,2076674.23,739,287328.49
2023-04-17,9070771.7,2234,974739.13
2023-04-18,8453969.23,2283,996609.56
2023-04-19,8274425.1,2295,999675.55
2023-04-20,8289030.87,2287,995759.58
2023-04-21,9269733.31,2297,1002331.8
2023-04-22,9755199.04,2297,1003759.44
2023-04-23,2052110.56,725,280859.96
2023-04-24,9010913.22,2166,941894.94
2023-04-25,8973083.22,2265,990188.55
2023-04-26,8783006.11,2241,978835.65
2023-04-27,9141399.47,2290,1000459.64
2023-04-28,10500710.62,2292,1000526.45
2023-04-29,11499815.56,2302,1006147.17
2023-04-30,3207076.38,1266,558441.06
2023-05-01,1954066.14,597,221843.42
2023-05-02,10941698.3,2294,1002953.2
2023-05-03,9694474.17,2287,992991.75
2023-05-04,9197444.13,2315,1006840.49
2023-05-05,9593294.7,2297,1002507.21
2023-05-06,10066974.41,2296,1004158.13
2023-05-07,2042160.32,730,282297.2
2023-05-08,9386074.98,2282,996161.53
2023-05-09,8775548.45,2300,1005035.86
2023-05-10,8722796.99,2309,1005469.85
2023-05-11,8508354.03,2306,1001325.93
2023-05-12,9349080.38,2300,1004227.3
2023-05-13,9796822.34,2270,991636.4
2023-05-14,2089547.55,731,282271.93
2023-05-15,8662874.66,2187,955545.41
2023-05-16,8952346.88,2304,1004420.62
2023-05-17,8383744.78,2210,963773.14
2023-05-18,8408296.86,2304,1001663.05
2023-05-19,9244882.46,2301,1002051.85
2023-05-20,9593300.24,2302,1006075.3
2023-05-21,2142908.57,726,280102.42
2023-05-22,9294570.46,2279,993643.61
2023-05-23,8421289.44,2306,1003955.9
2023-05-24,8618755.88,2308,1004731.94
2023-05-25,8727258.88,2308,1005300.15
2023-05-26,9566403.88,2303,1002481.79
2023-05-27,9742995.69,2304,1005085.09
2023-05-28,2208307.41,726,279372.02
2023-05-29,9046945.98,2282,994231.49
2023-05-30,8933826.92,2305,1001901.16
2023-05-31,8512381.23,2211,956703.4
2023-06-01,8899178.8,2311,1000626.12
2023-06-02,9585877.92,2306,1005272.38
2023-06-03,9956665.29,2308,1007999.83
2023-06-04,2340312.02,792,312595.52
2023-06-05,9360720.29,2241,979085.71
2023-06-06,8942787.64,2317,1008670.77
2023-06-07,8703077.65,2314,1006080.87
2023-06-08,7852247.86,2136,924694.07
2023-06-09,9421721.11,2284,996710.0
2023-06-10,9887584.29,2310,1008444.65
2023-06-11,2325543.08,797,318315.6
2023-06-12,9370007.95,2278,989007.97
2023-06-13,8502984.21,2291,996938.32
2023-06-14,8544944.84,2319,1007020.14
2023-06-15,8678307.66,2322,1008176.96
2023-06-16,9565950.65,2314,1008619.2
2023-06-17,10387214.97,2316,1011159.0
2023-06-18,2540135.5,833,334892.24
2023-06-19,9567684.28,2312,1008125.99
2023-06-20,8682030.42,2318,1008983.34
2023-06-21,8506999.21,2324,1009188.58
2023-06-22,8691333.0,2329,1011070.25
2023-06-23,10247124.8,2319,1013172.01
2023-06-24,9725858.01,2118,924430.73
2023-06-25,2962143.83,908,371813.74
2023-06-26,10666903.32,2312,1007008.75
2023-06-27,9545594.14,2324,1011003.53
2023-06-28,9386583.21,2328,1012204.31
2023-06-29,9007366.9,2252,978485.91
2023-06-30,10220318.9,2327,1013479.72
2023-07-01,10908270.56,2323,1014452.35
2023-07-02,2897541.02,900,369592.86
2023-07-03,10335991.71,2309,1004796.74
2023-07-04,9373546.52,2328,1012901.5
2023-07-05,9157890.53,2330,1013602.13
2023-07-06,9079849.95,2339,1016286.48
2023-07-07,9756504.03,2301,1004218.68
2023-07-08,10542655.33,2321,1014180.26
2023-07-09,2763687.87,863,347978.88
2023-07-10,10401739.96,2313,1009193.27
2023-07-11,9431256.21,2317,1010419.66
2023-07-12,8995659.67,2335,1014834.16
2023-07-13,8956498.15,2334,1013336.9
2023-07-14,9756424.82,2324,1010505.22
2023-07-15,10522685.91,2322,1013909.6
2023-07-16,2750320.98,858,345429.03
